{"cameraMode":{"drawMode":0,"name":"Shaded","section":"Shading Mode"},"sceneLighting":false,"audioPlay":false,"sceneViewState":{"m_AlwaysRefresh":false,"showFog":true,"showSkybox":false,"showFlares":true,"showImageEffects":true,"showParticleSystems":true,"showVisualEffectGraphs":true,"m_FxEnabled":true},"in2DMode":false,"pivot":{"x":0.8687796592712402,"y":0.7384495139122009,"z":0.3341940939426422},"rotation":{"x":-0.056779127568006518,"y":-0.7540854811668396,"z":0.0657757818698883,"w":-0.6510518193244934},"size":0.8660253882408142,"orthographic":false}