{"cameraMode":{"drawMode":0,"name":"Shaded","section":"Shading Mode"},"sceneLighting":false,"audioPlay":false,"sceneViewState":{"m_AlwaysRefresh":false,"showFog":true,"showSkybox":false,"showFlares":true,"showImageEffects":true,"showParticleSystems":true,"showVisualEffectGraphs":true,"m_FxEnabled":true},"in2DMode":false,"pivot":{"x":342.0093994140625,"y":146.13119506835938,"z":272.7328796386719},"rotation":{"x":0.13990867137908936,"y":0.8442379832267761,"z":-0.26614823937416079,"w":0.44373399019241335},"size":1.2247449159622193,"orthographic":false}