{"cameraMode":{"drawMode":0,"name":"Shaded","section":"Shading Mode"},"sceneLighting":false,"audioPlay":false,"sceneViewState":{"m_AlwaysRefresh":false,"showFog":true,"showSkybox":false,"showFlares":true,"showImageEffects":true,"showParticleSystems":true,"showVisualEffectGraphs":true,"m_FxEnabled":true},"in2DMode":false,"pivot":{"x":216.8866424560547,"y":165.86814880371095,"z":119.32567596435547},"rotation":{"x":-0.008942547254264355,"y":0.9905020594596863,"z":-0.0753006786108017,"w":-0.11515894532203675},"size":0.9464048743247986,"orthographic":false}