{"cameraMode":{"drawMode":0,"name":"Shaded","section":"Shading Mode"},"sceneLighting":false,"audioPlay":false,"sceneViewState":{"m_AlwaysRefresh":false,"showFog":true,"showSkybox":false,"showFlares":true,"showImageEffects":true,"showParticleSystems":true,"showVisualEffectGraphs":true,"m_FxEnabled":true},"in2DMode":false,"pivot":{"x":0.1904590129852295,"y":1.0904011726379395,"z":0.7342894077301025},"rotation":{"x":0.06875769793987274,"y":0.6934390664100647,"z":-0.06678740680217743,"w":0.7141508460044861},"size":1.8073949813842774,"orthographic":false}