{"cameraMode":{"drawMode":0,"name":"Shaded","section":"Shading Mode"},"sceneLighting":false,"audioPlay":false,"sceneViewState":{"m_AlwaysRefresh":false,"showFog":true,"showSkybox":false,"showFlares":true,"showImageEffects":true,"showParticleSystems":true,"showVisualEffectGraphs":true,"m_FxEnabled":true},"in2DMode":false,"pivot":{"x":0.5818654298782349,"y":0.5643212795257568,"z":-0.4301559329032898},"rotation":{"x":0.5407226085662842,"y":-0.2832571566104889,"z":0.19983389973640443,"w":0.7664548754692078},"size":1.2247449159622193,"orthographic":false}