{"cameraMode":{"drawMode":0,"name":"Shaded","section":"Shading Mode"},"sceneLighting":false,"audioPlay":false,"sceneViewState":{"m_AlwaysRefresh":false,"showFog":true,"showSkybox":false,"showFlares":true,"showImageEffects":true,"showParticleSystems":true,"showVisualEffectGraphs":true,"m_FxEnabled":true},"in2DMode":false,"pivot":{"x":285.8232727050781,"y":164.06509399414063,"z":254.00067138671876},"rotation":{"x":0.056019969284534457,"y":-0.9274466633796692,"z":0.33581268787384035,"w":0.1547147035598755},"size":0.9339746832847595,"orthographic":false}