{"cameraMode":{"drawMode":0,"name":"Shaded","section":"Shading Mode"},"sceneLighting":false,"audioPlay":false,"sceneViewState":{"m_AlwaysRefresh":false,"showFog":true,"showSkybox":false,"showFlares":true,"showImageEffects":true,"showParticleSystems":true,"showVisualEffectGraphs":true,"m_FxEnabled":true},"in2DMode":false,"pivot":{"x":0.05244934558868408,"y":0.006642937660217285,"z":0.8743233680725098},"rotation":{"x":0.18656721711158753,"y":0.546947717666626,"z":-0.1265745908021927,"w":0.8062827587127686},"size":1.1571811437606812,"orthographic":false}