{"cameraMode":{"drawMode":0,"name":"Shaded","section":"Shading Mode"},"sceneLighting":false,"audioPlay":false,"sceneViewState":{"m_AlwaysRefresh":false,"showFog":true,"showSkybox":false,"showFlares":true,"showImageEffects":true,"showParticleSystems":true,"showVisualEffectGraphs":true,"m_FxEnabled":true},"in2DMode":false,"pivot":{"x":0.8651512861251831,"y":-0.06363070011138916,"z":-0.6739836931228638},"rotation":{"x":0.1946195363998413,"y":0.4290849566459656,"z":-0.0952412560582161,"w":0.8769327402114868},"size":1.4609014987945557,"orthographic":false}