{"cameraMode":{"drawMode":0,"name":"Shaded","section":"Shading Mode"},"sceneLighting":false,"audioPlay":false,"sceneViewState":{"m_AlwaysRefresh":false,"showFog":true,"showSkybox":false,"showFlares":true,"showImageEffects":true,"showParticleSystems":true,"showVisualEffectGraphs":true,"m_FxEnabled":true},"in2DMode":false,"pivot":{"x":0.046454429626464847,"y":0.1098628044128418,"z":0.11908149719238281},"rotation":{"x":0.18088792264461518,"y":-0.39494261145591738,"z":0.0795321986079216,"w":0.8972610831260681},"size":6.266026496887207,"orthographic":false}