{"cameraMode":{"drawMode":0,"name":"Shaded","section":"Shading Mode"},"sceneLighting":false,"audioPlay":false,"sceneViewState":{"m_AlwaysRefresh":false,"showFog":true,"showSkybox":false,"showFlares":true,"showImageEffects":true,"showParticleSystems":true,"showVisualEffectGraphs":true,"m_FxEnabled":true},"in2DMode":false,"pivot":{"x":1105.4459228515625,"y":351.29815673828127,"z":201.35671997070313},"rotation":{"x":0.09165803343057633,"y":-0.7597945928573608,"z":0.10965210944414139,"w":0.6343434453010559},"size":4.3468804359436039,"orthographic":false}