{"cameraMode":{"drawMode":0,"name":"Shaded","section":"Shading Mode"},"sceneLighting":false,"audioPlay":false,"sceneViewState":{"m_AlwaysRefresh":false,"showFog":true,"showSkybox":false,"showFlares":true,"showImageEffects":true,"showParticleSystems":true,"showVisualEffectGraphs":true,"m_FxEnabled":true},"in2DMode":false,"pivot":{"x":0.0024785995483398439,"y":1.6709760427474976,"z":-0.18900680541992188},"rotation":{"x":-0.25397172570228579,"y":0.06641026586294174,"z":-0.017467979341745378,"w":-0.9647917747497559},"size":2.486314296722412,"orthographic":false}