{"cameraMode":{"drawMode":0,"name":"Shaded","section":"Shading Mode"},"sceneLighting":false,"audioPlay":false,"sceneViewState":{"m_AlwaysRefresh":false,"showFog":true,"showSkybox":false,"showFlares":true,"showImageEffects":true,"showParticleSystems":true,"showVisualEffectGraphs":true,"m_FxEnabled":true},"in2DMode":false,"pivot":{"x":0.6466827392578125,"y":0.3291969299316406,"z":44.83625030517578},"rotation":{"x":0.008300070650875569,"y":0.9915293455123901,"z":-0.08138791471719742,"w":0.10122965276241303},"size":45.4683952331543,"orthographic":false}