{"cameraMode":{"drawMode":0,"name":"Shaded","section":"Shading Mode"},"sceneLighting":true,"audioPlay":false,"sceneViewState":{"m_AlwaysRefresh":false,"showFog":true,"showSkybox":true,"showFlares":true,"showImageEffects":true,"showParticleSystems":true,"showVisualEffectGraphs":true,"m_FxEnabled":true},"in2DMode":false,"pivot":{"x":351.3612060546875,"y":160.2694091796875,"z":511.14385986328127},"rotation":{"x":-0.007162056397646666,"y":-0.9908352494239807,"z":0.05893205851316452,"w":-0.12163645774126053},"size":1.975226879119873,"orthographic":false}