{"cameraMode":{"drawMode":0,"name":"Shaded","section":"Shading Mode"},"sceneLighting":true,"audioPlay":false,"sceneViewState":{"m_AlwaysRefresh":false,"showFog":true,"showSkybox":true,"showFlares":true,"showImageEffects":true,"showParticleSystems":true,"showVisualEffectGraphs":true,"m_FxEnabled":true},"in2DMode":false,"pivot":{"x":689.3807373046875,"y":165.14601135253907,"z":241.76348876953126},"rotation":{"x":0.13266660273075105,"y":0.8621074557304382,"z":-0.2909654676914215,"w":0.39308297634124758},"size":1.7100725173950196,"orthographic":false}