{"cameraMode":{"drawMode":0,"name":"Shaded","section":"Shading Mode"},"sceneLighting":true,"audioPlay":false,"sceneViewState":{"m_AlwaysRefresh":false,"showFog":true,"showSkybox":true,"showFlares":true,"showImageEffects":true,"showParticleSystems":true,"showVisualEffectGraphs":true,"m_FxEnabled":true},"in2DMode":false,"pivot":{"x":0.742083728313446,"y":0.7959541082382202,"z":-0.006048679351806641},"rotation":{"x":0.17643806338310243,"y":0.20762182772159577,"z":-0.03812408819794655,"w":0.9614396095275879},"size":1.8126075267791749,"orthographic":false}