{"cameraMode":{"drawMode":0,"name":"Shaded","section":"Shading Mode"},"sceneLighting":true,"audioPlay":false,"sceneViewState":{"m_AlwaysRefresh":false,"showFog":true,"showSkybox":true,"showFlares":true,"showImageEffects":true,"showParticleSystems":true,"showVisualEffectGraphs":true,"m_FxEnabled":true},"in2DMode":false,"pivot":{"x":-222.76014709472657,"y":446.59259033203127,"z":126.03050231933594},"rotation":{"x":-0.18760262429714204,"y":-0.519302248954773,"z":0.11803949624300003,"w":-0.8253740072250366},"size":-283.83990478515627,"orthographic":false}