{"cameraMode":{"drawMode":0,"name":"Shaded","section":"Shading Mode"},"sceneLighting":true,"audioPlay":false,"sceneViewState":{"m_AlwaysRefresh":false,"showFog":true,"showSkybox":true,"showFlares":true,"showImageEffects":true,"showParticleSystems":true,"showVisualEffectGraphs":true,"m_FxEnabled":true},"in2DMode":false,"pivot":{"x":-0.3475576937198639,"y":-0.02435070276260376,"z":-0.20516815781593324},"rotation":{"x":-0.026906270533800126,"y":-0.7669525742530823,"z":0.032234806567430499,"w":-0.6403800249099731},"size":0.03061544895172119,"orthographic":false}