{"cameraMode":{"drawMode":0,"name":"Shaded","section":"Shading Mode"},"sceneLighting":true,"audioPlay":false,"sceneViewState":{"m_AlwaysRefresh":false,"showFog":true,"showSkybox":true,"showFlares":true,"showImageEffects":true,"showParticleSystems":true,"showVisualEffectGraphs":true,"m_FxEnabled":true},"in2DMode":false,"pivot":{"x":284.1813049316406,"y":387.5411682128906,"z":719.5120849609375},"rotation":{"x":0.028690243139863015,"y":0.9378038644790649,"z":-0.07979896664619446,"w":0.33673810958862307},"size":99.39586639404297,"orthographic":false}