{"cameraMode":{"drawMode":0,"name":"Shaded","section":"Shading Mode"},"sceneLighting":true,"audioPlay":false,"sceneViewState":{"m_AlwaysRefresh":false,"showFog":true,"showSkybox":true,"showFlares":true,"showImageEffects":true,"showParticleSystems":true,"showVisualEffectGraphs":true,"m_FxEnabled":true},"in2DMode":false,"pivot":{"x":949.3212890625,"y":157.01080322265626,"z":813.3495483398438},"rotation":{"x":0.030352426692843438,"y":0.1253344565629959,"z":0.0038540714886039497,"w":-0.9916605353355408},"size":2.4891247749328615,"orthographic":false}