{"cameraMode":{"drawMode":0,"name":"Shaded","section":"Shading Mode"},"sceneLighting":true,"audioPlay":false,"sceneViewState":{"m_AlwaysRefresh":false,"showFog":true,"showSkybox":true,"showFlares":true,"showImageEffects":true,"showParticleSystems":true,"showVisualEffectGraphs":true,"m_FxEnabled":true},"in2DMode":false,"pivot":{"x":0.007285625673830509,"y":0.04543378949165344,"z":-0.018459118902683259},"rotation":{"x":0.06875769793987274,"y":0.6934390664100647,"z":-0.06678740680217743,"w":0.7141508460044861},"size":2.4259603023529054,"orthographic":false}