{"cameraMode":{"drawMode":0,"name":"Shaded","section":"Shading Mode"},"sceneLighting":true,"audioPlay":false,"sceneViewState":{"m_AlwaysRefresh":false,"showFog":true,"showSkybox":true,"showFlares":true,"showImageEffects":true,"showParticleSystems":true,"showVisualEffectGraphs":true,"m_FxEnabled":true},"in2DMode":false,"pivot":{"x":163.99159240722657,"y":118.23951721191406,"z":170.82444763183595},"rotation":{"x":0.0931650921702385,"y":-0.8632326722145081,"z":0.17258800566196443,"w":0.46525251865386965},"size":76.64241790771485,"orthographic":false}