{"cameraMode":{"drawMode":0,"name":"Shaded","section":"Shading Mode"},"sceneLighting":true,"audioPlay":false,"sceneViewState":{"m_AlwaysRefresh":false,"showFog":true,"showSkybox":true,"showFlares":true,"showImageEffects":true,"showParticleSystems":true,"showVisualEffectGraphs":true,"m_FxEnabled":true},"in2DMode":false,"pivot":{"x":130.4358367919922,"y":233.66744995117188,"z":38.34560012817383},"rotation":{"x":0.17643806338310243,"y":0.20762182772159577,"z":-0.03812408819794655,"w":0.9614396095275879},"size":1.8126075267791749,"orthographic":false}