{"cameraMode":{"drawMode":0,"name":"Shaded","section":"Shading Mode"},"sceneLighting":true,"audioPlay":false,"sceneViewState":{"m_AlwaysRefresh":false,"showFog":true,"showSkybox":true,"showFlares":true,"showImageEffects":true,"showParticleSystems":true,"showVisualEffectGraphs":true,"m_FxEnabled":true},"in2DMode":false,"pivot":{"x":593.4212036132813,"y":226.5223846435547,"z":-386.22381591796877},"rotation":{"x":-0.0260939858853817,"y":0.023050587624311448,"z":0.0005425221752375364,"w":0.9994335174560547},"size":24.994304656982423,"orthographic":false}