{"cameraMode":{"drawMode":0,"name":"Shaded","section":"Shading Mode"},"sceneLighting":false,"audioPlay":false,"sceneViewState":{"m_AlwaysRefresh":false,"showFog":true,"showSkybox":false,"showFlares":true,"showImageEffects":true,"showParticleSystems":true,"showVisualEffectGraphs":true,"m_FxEnabled":true},"in2DMode":false,"pivot":{"x":-1.0286409854888917,"y":10.952624320983887,"z":-1.4055347442626954},"rotation":{"x":-0.0040710740722715858,"y":0.9953547716140747,"z":0.04841306060552597,"w":0.08354711532592774},"size":9.708507537841797,"orthographic":false}