{"cameraMode":{"drawMode":0,"name":"Shaded","section":"Shading Mode"},"sceneLighting":false,"audioPlay":false,"sceneViewState":{"m_AlwaysRefresh":false,"showFog":true,"showSkybox":false,"showFlares":true,"showImageEffects":true,"showParticleSystems":true,"showVisualEffectGraphs":true,"m_FxEnabled":true},"in2DMode":false,"pivot":{"x":-0.7691450119018555,"y":1.4375989437103272,"z":-0.6596057415008545},"rotation":{"x":0.07213645428419113,"y":0.9161544442176819,"z":-0.19182844460010529,"w":0.3445746600627899},"size":1.473337173461914,"orthographic":false}