{"cameraMode":{"drawMode":0,"name":"Shaded","section":"Shading Mode"},"sceneLighting":false,"audioPlay":false,"sceneViewState":{"m_AlwaysRefresh":false,"showFog":true,"showSkybox":false,"showFlares":true,"showImageEffects":true,"showParticleSystems":true,"showVisualEffectGraphs":true,"m_FxEnabled":true},"in2DMode":false,"pivot":{"x":-4.8281636238098148,"y":3.310096502304077,"z":35.824378967285159},"rotation":{"x":0.008300070650875569,"y":0.9915293455123901,"z":-0.08138791471719742,"w":0.10122965276241303},"size":4.410599708557129,"orthographic":false}