{"cameraMode":{"drawMode":0,"name":"Shaded","section":"Shading Mode"},"sceneLighting":false,"audioPlay":false,"sceneViewState":{"m_AlwaysRefresh":false,"showFog":true,"showSkybox":false,"showFlares":true,"showImageEffects":true,"showParticleSystems":true,"showVisualEffectGraphs":true,"m_FxEnabled":true},"in2DMode":false,"pivot":{"x":-0.11076915264129639,"y":-1.3483633995056153,"z":0.4099903106689453},"rotation":{"x":0.029239676892757417,"y":0.9377726912498474,"z":-0.33637428283691409,"w":0.08155211061239243},"size":8.045202255249024,"orthographic":false}