{"cameraMode":{"drawMode":0,"name":"Shaded","section":"Shading Mode"},"sceneLighting":false,"audioPlay":false,"sceneViewState":{"m_AlwaysRefresh":false,"showFog":true,"showSkybox":false,"showFlares":true,"showImageEffects":true,"showParticleSystems":true,"showVisualEffectGraphs":true,"m_FxEnabled":true},"in2DMode":false,"pivot":{"x":0.23271393775939942,"y":0.18865102529525758,"z":0.9087198376655579},"rotation":{"x":0.16473574936389924,"y":0.42680856585502627,"z":-0.07939514517784119,"w":0.8857003450393677},"size":0.7379259467124939,"orthographic":false}