{"cameraMode":{"drawMode":0,"name":"Shaded","section":"Shading Mode"},"sceneLighting":false,"audioPlay":false,"sceneViewState":{"m_AlwaysRefresh":false,"showFog":true,"showSkybox":false,"showFlares":true,"showImageEffects":true,"showParticleSystems":true,"showVisualEffectGraphs":true,"m_FxEnabled":true},"in2DMode":false,"pivot":{"x":-5.606101989746094,"y":11.649454116821289,"z":-7.079657554626465},"rotation":{"x":0.050705403089523318,"y":0.8688755035400391,"z":-0.09104545414447785,"w":0.4840100109577179},"size":13.553557395935059,"orthographic":false}