{"cameraMode":{"drawMode":0,"name":"Shaded","section":"Shading Mode"},"sceneLighting":false,"audioPlay":false,"sceneViewState":{"m_AlwaysRefresh":false,"showFog":false,"showSkybox":false,"showFlares":false,"showImageEffects":false,"showParticleSystems":false,"showVisualEffectGraphs":true,"m_FxEnabled":true},"in2DMode":false,"pivot":{"x":0.6668055057525635,"y":-1.3964509963989258,"z":-2.480910539627075},"rotation":{"x":0.17643806338310243,"y":0.20762182772159577,"z":-0.03812408819794655,"w":0.9614396095275879},"size":0.01260756328701973,"orthographic":false}