{"cameraMode":{"drawMode":0,"name":"Shaded","section":"Shading Mode"},"sceneLighting":false,"audioPlay":false,"sceneViewState":{"m_AlwaysRefresh":false,"showFog":true,"showSkybox":false,"showFlares":true,"showImageEffects":true,"showParticleSystems":true,"showVisualEffectGraphs":true,"m_FxEnabled":true},"in2DMode":false,"pivot":{"x":-1.0157690048217774,"y":9.66219711303711,"z":-1.8402366638183594},"rotation":{"x":0.008300070650875569,"y":0.9915293455123901,"z":-0.08138791471719742,"w":0.10122965276241303},"size":16.958812713623048,"orthographic":false}